{
  "englishToGreek": {
    "a": "α", "A": "Α", "b": "β", "B": "Β", "c": "κ", "C": "Κ", "d": "δ", "D": "Δ",
    "e": "ε", "E": "Ε", "f": "φ", "F": "Φ", "g": "γ", "G": "Γ", "h": "η", "H": "Η",
    "i": "ι", "I": "Ι", "j": "ξ", "J": "Ξ", "k": "κ", "K": "Κ", "l": "λ", "L": "Λ",
    "m": "μ", "M": "Μ", "n": "ν", "N": "Ν", "o": "ο", "O": "Ο", "p": "π", "P": "Π",
    "q": "κ", "Q": "Κ", "r": "ρ", "R": "Ρ", "s": "σ", "S": "Σ", "t": "τ", "T": "Τ",
    "u": "υ", "U": "Υ", "v": "β", "V": "Β", "w": "ω", "W": "Ω", "x": "χ", "X": "Χ",
    "y": "υ", "Y": "Υ", "z": "ζ", "Z": "Ζ",
    "th": "θ", "Th": "Θ", "TH": "Θ", "ps": "ψ", "Ps": "Ψ", "PS": "Ψ",
    "ph": "φ", "Ph": "Φ", "PH": "Φ", "ch": "χ", "Ch": "Χ", "CH": "Χ",
    "nt": "ντ", "Nt": "Ντ", "NT": "ΝΤ", "mp": "μπ", "Mp": "Μπ", "MP": "ΜΠ",
    "gk": "γκ", "Gk": "Γκ", "GK": "ΓΚ",
    "ou": "ου", "Ou": "Ου", "OU": "ΟΥ", "ai": "αι", "Ai": "Αι", "AI": "ΑΙ",
    "ei": "ει", "Ei": "Ει", "EI": "ΕΙ", "oi": "οι", "Oi": "Οι", "OI": "ΟΙ",
    "au": "αυ", "Au": "Αυ", "AU": "ΑΥ", "eu": "ευ", "Eu": "Ευ", "EU": "ΕΥ",
    "ca": "κα", "Ca": "Κα", "CA": "ΚΑ", "ce": "σε", "Ce": "Σε", "CE": "ΣΕ",
    "ci": "σι", "Ci": "Σι", "CI": "ΣΙ", "co": "κο", "Co": "Κο", "CO": "ΚΟ",
    "cu": "κου", "Cu": "Κου", "CU": "ΚΟΥ",
    "s ": "ς ", "S ": "Σ ", "s.": "ς.", "S.": "Σ."
  },
  "greekToEnglish": {
    "α": "a", "Α": "A", "β": "b", "Β": "B", "κ": "k", "Κ": "K", "δ": "d", "Δ": "D",
    "ε": "e", "Ε": "E", "φ": "f", "Φ": "F", "γ": "g", "Γ": "G", "η": "h", "Η": "H",
    "ι": "i", "Ι": "I", "ξ": "j", "Ξ": "J", "λ": "l", "Λ": "L", "μ": "m", "Μ": "M",
    "ν": "n", "Ν": "N", "ο": "o", "Ο": "O", "π": "p", "Π": "P", "ρ": "r", "Ρ": "R",
    "σ": "s", "Σ": "S", "τ": "t", "Τ": "T", "υ": "y", "Υ": "Y", "ω": "w", "Ω": "W",
    "χ": "ch", "Χ": "Ch", "ζ": "z", "Ζ": "Z", "θ": "th", "Θ": "Th", "ψ": "ps", "Ψ": "Ps",
    "ντ": "nt", "Ντ": "Nt", "μπ": "mp", "Μπ": "Mp", "γκ": "gk", "Γκ": "Gk",
    "ου": "ou", "Ου": "Ou", "αι": "ai", "Αι": "Ai", "ει": "ei", "Ει": "Ei",
    "οι": "oi", "Οι": "Oi", "αυ": "au", "Αυ": "Au", "ευ": "eu", "Ευ": "Eu",
    "ς": "s"
  }
}